Handle,Title,Body (HTML),Vendor,Product Category,Type,Tags,Published,Option1 Name,Option1 Value,Option2 Name,Option2 Value,Option3 Name,Option3 Value,Variant SKU,Variant Grams,Variant Inventory Tracker,Variant Inventory Qty,Variant Inventory Policy,Variant Fulfillment Service,Variant Price,Variant Compare At Price,Variant Requires Shipping,Variant Taxable,Variant Barcode,Image Src,Image Position,Image Alt Text,Gift Card,SEO Title,SEO Description,Google Shopping / Google Product Category,Google Shopping / Gender,Google Shopping / Age Group,Google Shopping / MPN,Google Shopping / AdWords Grouping,Google Shopping / AdWords Labels,Google Shopping / Condition,Google Shopping / Custom Product,Google Shopping / Custom Label 0,Google Shopping / Custom Label 1,Google Shopping / Custom Label 2,Google Shopping / Custom Label 3,Google Shopping / Custom Label 4,Variant Image,Variant Weight Unit,Variant Tax Code,Cost per item,Included / United Kingdom,Price / United Kingdom,Compare At Price / United Kingdom,Included / International,Price / International,Compare At Price / International,Status,Metafield: forge.subtitle [single_line_text_field],Metafield: forge.directions [rich_text_field],Metafield: forge.ingredients [rich_text_field],Metafield: forge.ingredient_list [json],Metafield: forge.warnings [rich_text_field],Metafield: forge.allergen_flags [list.single_line_text_field],Metafield: forge.lab_report_url [url],Metafield: forge.other_ingredients [single_line_text_field],Metafield: forge.ingredient_count [number_integer],Metafield: supplement_facts.serving_size [single_line_text_field],Metafield: supplement_facts.servings_per [single_line_text_field],Metafield: supplement_facts.calories [number_integer],Metafield: supplement_facts.rows [json],Metafield: reviews.rating [rating],Metafield: reviews.rating_count [number_integer]
daily-essentials-multivitamin,Daily Essentials Multivitamin,<p>Our comprehensive daily multivitamin delivers 23 essential vitamins and minerals in their most bioavailable forms. Formulated specifically for active adults who demand more from their nutrition.</p><ul><li>23 vitamins and minerals</li><li>Methylated B vitamins for superior absorption</li><li>No artificial colours or fillers</li><li>Suitable for vegans</li></ul>,Forge,Health & Beauty > Health Care > Nutritional Food & Drinks > Vitamins & Supplements,Vitamins,multivitamin|daily|essentials|vegan,TRUE,Size,60 Capsules,,,,,FORGE-MV-60,150,,100,continue,manual,29.99,39.99,TRUE,TRUE,,https://images.unsplash.com/photo-1584308666744-24d5c474f2ae?w=800,1,Daily Essentials Multivitamin,FALSE,Daily Essentials Multivitamin | Forge Supplements,Comprehensive daily multivitamin with 23 essential vitamins and minerals in bioavailable forms. Formulated for active adults.,,,,,,new,FALSE,,,,,,,,g,,,TRUE,29.99,39.99,TRUE,29.99,39.99,active,26 essential vitamins and minerals at meaningful doses,"{""type"": ""root"", ""children"": [{""type"": ""paragraph"", ""children"": [{""type"": ""text"", ""value"": ""Take 2 capsules daily with food.""}]}, {""type"": ""paragraph"", ""children"": [{""type"": ""text"", ""value"": ""Do not exceed the recommended daily dose.""}]}]}","{""type"": ""root"", ""children"": [{""type"": ""paragraph"", ""children"": [{""type"": ""text"", ""value"": ""A complete daily foundation covering the vitamins and minerals most commonly short in UK diets.""}]}]}","[{""name"": ""Methylated Folate (5-MTHF)"", ""dose"": ""200µg"", ""benefit"": ""The active form of folate, absorbed without the MTHFR conversion step."", ""icon"": ""🧬""}, {""name"": ""Zinc Bisglycinate"", ""dose"": ""10mg"", ""benefit"": ""Chelated for absorption; supports normal immune function."", ""icon"": ""⚙️""}, {""name"": ""Vitamin D3 + K2"", ""dose"": ""25µg"", ""benefit"": ""Paired so calcium is directed to bone rather than soft tissue."", ""icon"": ""☀️""}]","{""type"": ""root"", ""children"": [{""type"": ""paragraph"", ""children"": [{""type"": ""text"", ""value"": ""Food supplements should not be used as a substitute for a varied and balanced diet and a healthy lifestyle.""}]}, {""type"": ""paragraph"", ""children"": [{""type"": ""text"", ""value"": ""Keep out of reach of young children. Consult your doctor if pregnant, breastfeeding or taking medication.""}]}]}","[""Gluten-free"", ""Vegan"", ""Dairy-free""]",https://example.com/coa/daily-essentials,"Microcrystalline cellulose, HPMC capsule shell, magnesium stearate (vegetable source)",26,2 capsules,30,4,"[{""name"": ""Vitamin C (ascorbic acid)"", ""amount"": ""200mg"", ""dv"": ""250%"", ""sub"": false, ""bold"": false}, {""name"": ""Vitamin D3 (cholecalciferol)"", ""amount"": ""25µg"", ""dv"": ""500%"", ""sub"": false, ""bold"": false}, {""name"": ""Vitamin E (D-alpha tocopherol)"", ""amount"": ""12mg"", ""dv"": ""100%"", ""sub"": false, ""bold"": false}, {""name"": ""Thiamin (B1)"", ""amount"": ""1.1mg"", ""dv"": ""100%"", ""sub"": false, ""bold"": false}, {""name"": ""Riboflavin (B2)"", ""amount"": ""1.4mg"", ""dv"": ""100%"", ""sub"": false, ""bold"": false}, {""name"": ""Niacin (B3)"", ""amount"": ""16mg"", ""dv"": ""100%"", ""sub"": false, ""bold"": false}, {""name"": ""Vitamin B6"", ""amount"": ""1.4mg"", ""dv"": ""100%"", ""sub"": false, ""bold"": false}, {""name"": ""Folate (as 5-MTHF)"", ""amount"": ""200µg"", ""dv"": ""100%"", ""sub"": false, ""bold"": false}, {""name"": ""Vitamin B12 (methylcobalamin)"", ""amount"": ""2.5µg"", ""dv"": ""100%"", ""sub"": false, ""bold"": false}, {""name"": ""Zinc (bisglycinate)"", ""amount"": ""10mg"", ""dv"": ""100%"", ""sub"": false, ""bold"": false}, {""name"": ""Selenium (L-selenomethionine)"", ""amount"": ""55µg"", ""dv"": ""100%"", ""sub"": false, ""bold"": false}, {""name"": ""Iodine (potassium iodide)"", ""amount"": ""150µg"", ""dv"": ""100%"", ""sub"": false, ""bold"": false}]","{""value"": ""4.8"", ""scale_min"": ""1.0"", ""scale_max"": ""5.0""}",412
daily-essentials-multivitamin,Daily Essentials Multivitamin,<p>Our comprehensive daily multivitamin delivers 23 essential vitamins and minerals in their most bioavailable forms. Formulated specifically for active adults who demand more from their nutrition.</p><ul><li>23 vitamins and minerals</li><li>Methylated B vitamins for superior absorption</li><li>No artificial colours or fillers</li><li>Suitable for vegans</li></ul>,Forge,Health & Beauty > Health Care > Nutritional Food & Drinks > Vitamins & Supplements,Vitamins,multivitamin|daily|essentials|vegan,TRUE,Size,120 Capsules,,,,,FORGE-MV-120,300,,100,continue,manual,49.99,64.99,TRUE,TRUE,,,,,FALSE,,,,,,,,,,,,,,,,,g,,,TRUE,49.99,64.99,TRUE,49.99,64.99,,,,,,,,,,,,,,,,
omega-3-fish-oil,Omega-3 Fish Oil 1000mg,"<p>Pharmaceutical-grade omega-3 fish oil providing 1000mg of EPA and DHA per serving. Sourced from sustainably caught wild fish, molecularly distilled for purity.</p><ul><li>1000mg EPA+DHA per serving</li><li>Molecularly distilled — heavy metal free</li><li>Enteric coated — no fish burps</li><li>IFOS 5-star certified</li></ul>",Forge,Health & Beauty > Health Care > Nutritional Food & Drinks > Vitamins & Supplements,Vitamins,omega-3|fish-oil|heart|brain,TRUE,Size,90 Softgels,,,,,FORGE-O3-90,200,,100,continue,manual,24.99,34.99,TRUE,TRUE,,https://images.unsplash.com/photo-1550572017-edd951b55104?w=800,1,Omega-3 Fish Oil 1000mg,FALSE,Omega-3 Fish Oil 1000mg | Forge Supplements,Pharmaceutical-grade omega-3 fish oil with 1000mg EPA and DHA. IFOS certified and molecularly distilled for purity.,,,,,,new,FALSE,,,,,,,,g,,,TRUE,24.99,34.99,TRUE,24.99,34.99,active,"1000mg triglyceride-form fish oil, IFOS certified","{""type"": ""root"", ""children"": [{""type"": ""paragraph"", ""children"": [{""type"": ""text"", ""value"": ""Take 1 softgel daily with a meal containing fat.""}]}]}","{""type"": ""root"", ""children"": [{""type"": ""paragraph"", ""children"": [{""type"": ""text"", ""value"": ""Molecularly distilled and third-party tested for heavy metals, dioxins and PCBs.""}]}]}","[{""name"": ""EPA"", ""dose"": ""330mg"", ""benefit"": ""Supports normal heart function at a daily intake of 250mg EPA and DHA."", ""icon"": ""🫀""}, {""name"": ""DHA"", ""dose"": ""220mg"", ""benefit"": ""Contributes to maintenance of normal brain function and vision."", ""icon"": ""🧠""}]","{""type"": ""root"", ""children"": [{""type"": ""paragraph"", ""children"": [{""type"": ""text"", ""value"": ""Contains fish. Consult your doctor before use if taking anticoagulant medication.""}]}, {""type"": ""paragraph"", ""children"": [{""type"": ""text"", ""value"": ""Food supplements should not be used as a substitute for a varied and balanced diet.""}]}]}","[""Contains: Fish"", ""Gluten-free"", ""Dairy-free""]",https://example.com/coa/omega-3,"Bovine gelatin, glycerol, purified water, natural lemon oil",3,1 softgel,90,9,"[{""name"": ""Fish oil concentrate"", ""amount"": ""1000mg"", ""dv"": ""†"", ""sub"": false, ""bold"": true}, {""name"": ""EPA (eicosapentaenoic acid)"", ""amount"": ""330mg"", ""dv"": ""†"", ""sub"": true, ""bold"": false}, {""name"": ""DHA (docosahexaenoic acid)"", ""amount"": ""220mg"", ""dv"": ""†"", ""sub"": true, ""bold"": false}]","{""value"": ""4.9"", ""scale_min"": ""1.0"", ""scale_max"": ""5.0""}",1289
vitamin-d3-k2,Vitamin D3 + K2,"<p>The essential sunshine combination. Our Vitamin D3 and K2 formula ensures optimal calcium metabolism, immune function and bone health — particularly important in the UK where sunlight is limited.</p><ul><li>4000IU Vitamin D3 (cholecalciferol)</li><li>100mcg Vitamin K2 (MK-7 form)</li><li>Olive oil base for optimal absorption</li><li>Third-party tested</li></ul>",Forge,Health & Beauty > Health Care > Nutritional Food & Drinks > Vitamins & Supplements,Vitamins,vitamin-d|vitamin-k|bone|immune,TRUE,Size,60 Softgels,,,,,FORGE-DK-60,80,,100,continue,manual,19.99,27.99,TRUE,TRUE,,https://images.unsplash.com/photo-1587854692152-cbe660dbde88?w=800,1,Vitamin D3 + K2,FALSE,Vitamin D3 + K2 | Forge Supplements,Vitamin D3 4000IU with K2 MK-7 for optimal calcium metabolism and bone health. Essential for UK winters.,,,,,,new,FALSE,,,,,,,,g,,,TRUE,19.99,27.99,TRUE,19.99,27.99,active,Vitamin D3 with K2 MK-7 for calcium direction,"{""type"": ""root"", ""children"": [{""type"": ""paragraph"", ""children"": [{""type"": ""text"", ""value"": ""Take 1 softgel daily with your largest meal.""}]}]}","{""type"": ""root"", ""children"": [{""type"": ""paragraph"", ""children"": [{""type"": ""text"", ""value"": ""All-trans MK-7 from natto fermentation, the form used in published bone-density research.""}]}]}","[{""name"": ""Vitamin D3"", ""dose"": ""75µg"", ""benefit"": ""Contributes to normal absorption of calcium and normal immune function."", ""icon"": ""☀️""}, {""name"": ""Vitamin K2 MK-7"", ""dose"": ""100µg"", ""benefit"": ""Contributes to maintenance of normal bones."", ""icon"": ""🦴""}]","{""type"": ""root"", ""children"": [{""type"": ""paragraph"", ""children"": [{""type"": ""text"", ""value"": ""Not suitable if taking warfarin or other vitamin K antagonists without medical advice.""}]}]}","[""Gluten-free"", ""Dairy-free"", ""Soy-free""]",https://example.com/coa/d3-k2,"Extra virgin olive oil, bovine gelatin, glycerol",2,1 softgel,60,2,"[{""name"": ""Vitamin D3 (cholecalciferol)"", ""amount"": ""75µg (3000 IU)"", ""dv"": ""1500%"", ""sub"": false, ""bold"": false}, {""name"": ""Vitamin K2 (menaquinone-7)"", ""amount"": ""100µg"", ""dv"": ""133%"", ""sub"": false, ""bold"": false}]","{""value"": ""4.7"", ""scale_min"": ""1.0"", ""scale_max"": ""5.0""}",634
magnesium-glycinate,Magnesium Glycinate 400mg,"<p>Magnesium glycinate is the most bioavailable and gentle form of magnesium. Supports sleep quality, muscle recovery, stress reduction and over 300 enzymatic reactions in the body.</p><ul><li>400mg elemental magnesium per serving</li><li>Glycinate chelate — superior absorption</li><li>Non-laxative formula</li><li>Ideal for evening use</li></ul>",Forge,Health & Beauty > Health Care > Nutritional Food & Drinks > Vitamins & Supplements,Vitamins,magnesium|sleep|recovery|stress,TRUE,Size,120 Capsules,,,,,FORGE-MG-120,180,,100,continue,manual,22.99,29.99,TRUE,TRUE,,https://images.unsplash.com/photo-1576086213369-97a306d36557?w=800,1,Magnesium Glycinate 400mg,FALSE,Magnesium Glycinate 400mg | Forge Supplements,Highly bioavailable magnesium glycinate for sleep quality muscle recovery and stress reduction.,,,,,,new,FALSE,,,,,,,,g,,,TRUE,22.99,29.99,TRUE,22.99,29.99,active,"Fully chelated magnesium, gentle on digestion","{""type"": ""root"", ""children"": [{""type"": ""paragraph"", ""children"": [{""type"": ""text"", ""value"": ""Take 4 capsules daily, ideally in the evening.""}]}]}","{""type"": ""root"", ""children"": [{""type"": ""paragraph"", ""children"": [{""type"": ""text"", ""value"": ""Chelated to glycine rather than oxide, which avoids the digestive upset cheaper forms cause.""}]}]}","[{""name"": ""Magnesium Bisglycinate"", ""dose"": ""400mg"", ""benefit"": ""Contributes to reduction of tiredness and normal muscle function."", ""icon"": ""🌙""}]","{""type"": ""root"", ""children"": [{""type"": ""paragraph"", ""children"": [{""type"": ""text"", ""value"": ""Excessive intake may produce a laxative effect.""}]}]}","[""Vegan"", ""Gluten-free"", ""Dairy-free""]",https://example.com/coa/magnesium,"HPMC capsule shell, rice flour",1,4 capsules,30,0,"[{""name"": ""Magnesium bisglycinate"", ""amount"": ""2000mg"", ""dv"": ""†"", ""sub"": false, ""bold"": true}, {""name"": ""of which elemental magnesium"", ""amount"": ""400mg"", ""dv"": ""107%"", ""sub"": true, ""bold"": false}]","{""value"": ""4.8"", ""scale_min"": ""1.0"", ""scale_max"": ""5.0""}",907
whey-protein-concentrate,Whey Protein Concentrate,"<p>Clean, unfussy whey protein concentrate from grass-fed British cows. 24g of protein per serving with minimal additives — just what your muscles need without the junk.</p><ul><li>24g protein per serving</li><li>Grass-fed British whey</li><li>Only 3g sugar per serving</li><li>No artificial sweeteners</li></ul>",Forge,Health & Beauty > Health Care > Nutritional Food & Drinks > Nutritional Supplements,Protein,whey|protein|muscle|grass-fed,TRUE,Flavour,Chocolate,,,,,FORGE-WP-CH-1KG,1000,,50,continue,manual,39.99,49.99,TRUE,TRUE,,https://images.unsplash.com/photo-1593095948071-474c5cc2989d?w=800,1,Whey Protein Concentrate Chocolate,FALSE,Whey Protein Concentrate | Forge Supplements,Clean grass-fed whey protein with 24g protein per serving. No artificial sweeteners or unnecessary additives.,,,,,,new,FALSE,,,,,,,,g,,,TRUE,39.99,49.99,TRUE,39.99,49.99,active,"Grass-fed whey, 24g protein per serving","{""type"": ""root"", ""children"": [{""type"": ""paragraph"", ""children"": [{""type"": ""text"", ""value"": ""Mix 1 scoop with 250ml of water or milk. Use within 30 minutes of training or as needed.""}]}]}","{""type"": ""root"", ""children"": [{""type"": ""paragraph"", ""children"": [{""type"": ""text"", ""value"": ""From pasture-raised Irish herds, cold-processed to preserve the native protein fractions.""}]}]}","[{""name"": ""Grass-fed Whey Concentrate"", ""dose"": ""30g"", ""benefit"": ""Complete protein with all nine essential amino acids."", ""icon"": ""🥛""}, {""name"": ""Naturally occurring BCAAs"", ""dose"": ""5.4g"", ""benefit"": ""Leucine, isoleucine and valine as they occur in whey."", ""icon"": ""💪""}]","{""type"": ""root"", ""children"": [{""type"": ""paragraph"", ""children"": [{""type"": ""text"", ""value"": ""Contains milk. Not suitable for anyone with a dairy allergy.""}]}]}","[""Contains: Milk"", ""Gluten-free"", ""Soy-free""]",https://example.com/coa/whey,"Natural flavouring, sunflower lecithin, stevia leaf extract",2,1 scoop (30g),30,120,"[{""name"": ""Protein"", ""amount"": ""24g"", ""dv"": ""48%"", ""sub"": false, ""bold"": true}, {""name"": ""Carbohydrate"", ""amount"": ""2.1g"", ""dv"": ""†"", ""sub"": false, ""bold"": false}, {""name"": ""of which sugars"", ""amount"": ""1.8g"", ""dv"": ""2%"", ""sub"": true, ""bold"": false}, {""name"": ""Fat"", ""amount"": ""1.9g"", ""dv"": ""3%"", ""sub"": false, ""bold"": false}, {""name"": ""of which saturates"", ""amount"": ""1.1g"", ""dv"": ""6%"", ""sub"": true, ""bold"": false}, {""name"": ""Salt"", ""amount"": ""0.11g"", ""dv"": ""2%"", ""sub"": false, ""bold"": false}]","{""value"": ""4.6"", ""scale_min"": ""1.0"", ""scale_max"": ""5.0""}",2104
whey-protein-concentrate,Whey Protein Concentrate,"<p>Clean, unfussy whey protein concentrate from grass-fed British cows. 24g of protein per serving with minimal additives — just what your muscles need without the junk.</p><ul><li>24g protein per serving</li><li>Grass-fed British whey</li><li>Only 3g sugar per serving</li><li>No artificial sweeteners</li></ul>",Forge,Health & Beauty > Health Care > Nutritional Food & Drinks > Nutritional Supplements,Protein,whey|protein|muscle|grass-fed,TRUE,Flavour,Vanilla,,,,,FORGE-WP-VN-1KG,1000,,50,continue,manual,39.99,49.99,TRUE,TRUE,,,,,FALSE,,,,,,,,,,,,,,,,,g,,,TRUE,39.99,49.99,TRUE,39.99,49.99,,,,,,,,,,,,,,,,
whey-protein-concentrate,Whey Protein Concentrate,"<p>Clean, unfussy whey protein concentrate from grass-fed British cows. 24g of protein per serving with minimal additives — just what your muscles need without the junk.</p><ul><li>24g protein per serving</li><li>Grass-fed British whey</li><li>Only 3g sugar per serving</li><li>No artificial sweeteners</li></ul>",Forge,Health & Beauty > Health Care > Nutritional Food & Drinks > Nutritional Supplements,Protein,whey|protein|muscle|grass-fed,TRUE,Flavour,Unflavoured,,,,,FORGE-WP-UF-1KG,1000,,50,continue,manual,36.99,46.99,TRUE,TRUE,,,,,FALSE,,,,,,,,,,,,,,,,,g,,,TRUE,36.99,46.99,TRUE,36.99,46.99,,,,,,,,,,,,,,,,
creatine-monohydrate,Creatine Monohydrate 5g,"<p>The most researched supplement in sports nutrition. Pure creatine monohydrate with no fillers, no flavouring — just 5g of Creapure® certified creatine per serving.</p><ul><li>5g Creapure® creatine monohydrate</li><li>Pharmaceutical grade purity</li><li>Unflavoured — mixes with anything</li><li>300g — 60 servings</li></ul>",Forge,Health & Beauty > Health Care > Nutritional Food & Drinks > Nutritional Supplements,Performance,creatine|strength|performance|muscle,TRUE,Size,300g (60 servings),,,,,FORGE-CR-300,300,,100,continue,manual,27.99,34.99,TRUE,TRUE,,https://images.unsplash.com/photo-1517836357463-d25dfeac3438?w=800,1,Creatine Monohydrate 5g,FALSE,Creatine Monohydrate 5g | Forge Supplements,Pure Creapure certified creatine monohydrate 5g per serving. The most researched supplement in sports nutrition.,,,,,,new,FALSE,,,,,,,,g,,,TRUE,27.99,34.99,TRUE,27.99,34.99,active,"Creapure® monohydrate, unflavoured","{""type"": ""root"", ""children"": [{""type"": ""paragraph"", ""children"": [{""type"": ""text"", ""value"": ""Take 5g daily, at any time of day. No loading phase required.""}]}]}","{""type"": ""root"", ""children"": [{""type"": ""paragraph"", ""children"": [{""type"": ""text"", ""value"": ""Creapure® is the German-manufactured monohydrate used in the majority of published creatine trials.""}]}]}","[{""name"": ""Creatine Monohydrate"", ""dose"": ""5g"", ""benefit"": ""Increases physical performance in successive bursts of short-term, high-intensity exercise."", ""icon"": ""⚡""}]","{""type"": ""root"", ""children"": [{""type"": ""paragraph"", ""children"": [{""type"": ""text"", ""value"": ""Ensure adequate fluid intake. Beneficial effect obtained with a daily intake of 3g of creatine.""}]}]}","[""Vegan"", ""Gluten-free"", ""Dairy-free"", ""Soy-free""]",https://example.com/coa/creatine,None,1,5g (1 scoop),60,0,"[{""name"": ""Creatine monohydrate (Creapure®)"", ""amount"": ""5000mg"", ""dv"": ""†"", ""sub"": false, ""bold"": true}]","{""value"": ""4.9"", ""scale_min"": ""1.0"", ""scale_max"": ""5.0""}",1533
pre-workout-formula,Pre-Workout Formula,"<p>A fully dosed, transparent pre-workout with no proprietary blends. Every ingredient listed at its clinical dose so you know exactly what you're taking.</p><ul><li>6g L-Citrulline</li><li>3.2g Beta-Alanine</li><li>300mg Caffeine (from natural sources)</li><li>2g L-Tyrosine</li></ul>",Forge,Health & Beauty > Health Care > Nutritional Food & Drinks > Nutritional Supplements,Performance,pre-workout|caffeine|energy|pump,TRUE,Flavour,Blue Raspberry,,,,,FORGE-PW-BR-300,300,,50,continue,manual,44.99,54.99,TRUE,TRUE,,https://images.unsplash.com/photo-1534438327276-14e5300c3a48?w=800,1,Pre-Workout Formula Blue Raspberry,FALSE,Pre-Workout Formula | Forge Supplements,Fully dosed transparent pre-workout with clinical doses of citrulline beta-alanine and caffeine. No proprietary blends.,,,,,,new,FALSE,,,,,,,,g,,,TRUE,44.99,54.99,TRUE,44.99,54.99,active,"Fully dosed, no proprietary blends","{""type"": ""root"", ""children"": [{""type"": ""paragraph"", ""children"": [{""type"": ""text"", ""value"": ""Mix 1 scoop with 300ml water 20-30 minutes before training.""}]}, {""type"": ""paragraph"", ""children"": [{""type"": ""text"", ""value"": ""Do not take within 6 hours of bedtime.""}]}]}","{""type"": ""root"", ""children"": [{""type"": ""paragraph"", ""children"": [{""type"": ""text"", ""value"": ""Every active is disclosed at its full clinical dose. No proprietary blends.""}]}]}","[{""name"": ""Citrulline Malate"", ""dose"": ""8g"", ""benefit"": ""The dose used in research on training volume, not the 2g most brands hide in a blend."", ""icon"": ""🩸""}, {""name"": ""Beta-Alanine"", ""dose"": ""3.2g"", ""benefit"": ""Buffers muscle acidity. The tingle is harmless and expected."", ""icon"": ""🔥""}, {""name"": ""Caffeine + L-Theanine"", ""dose"": ""200mg + 200mg"", ""benefit"": ""Paired 1:1 to smooth the stimulant edge."", ""icon"": ""☕""}]","{""type"": ""root"", ""children"": [{""type"": ""paragraph"", ""children"": [{""type"": ""text"", ""value"": ""Contains caffeine (200mg per serving). Not recommended for children or pregnant women.""}]}, {""type"": ""paragraph"", ""children"": [{""type"": ""text"", ""value"": ""Do not combine with other caffeine sources.""}]}]}","[""Vegan"", ""Gluten-free"", ""Dairy-free""]",https://example.com/coa/pre-workout,"Natural flavouring, citric acid, sucralose, beetroot powder (colour)",6,1 scoop (12g),30,15,"[{""name"": ""Citrulline malate 2:1"", ""amount"": ""8000mg"", ""dv"": ""†"", ""sub"": false, ""bold"": false}, {""name"": ""Beta-alanine"", ""amount"": ""3200mg"", ""dv"": ""†"", ""sub"": false, ""bold"": false}, {""name"": ""Betaine anhydrous"", ""amount"": ""2500mg"", ""dv"": ""†"", ""sub"": false, ""bold"": false}, {""name"": ""L-tyrosine"", ""amount"": ""1500mg"", ""dv"": ""†"", ""sub"": false, ""bold"": false}, {""name"": ""Caffeine anhydrous"", ""amount"": ""200mg"", ""dv"": ""†"", ""sub"": false, ""bold"": false}, {""name"": ""L-theanine"", ""amount"": ""200mg"", ""dv"": ""†"", ""sub"": false, ""bold"": false}]","{""value"": ""4.5"", ""scale_min"": ""1.0"", ""scale_max"": ""5.0""}",788
pre-workout-formula,Pre-Workout Formula,"<p>A fully dosed, transparent pre-workout with no proprietary blends. Every ingredient listed at its clinical dose so you know exactly what you're taking.</p><ul><li>6g L-Citrulline</li><li>3.2g Beta-Alanine</li><li>300mg Caffeine (from natural sources)</li><li>2g L-Tyrosine</li></ul>",Forge,Health & Beauty > Health Care > Nutritional Food & Drinks > Nutritional Supplements,Performance,pre-workout|caffeine|energy|pump,TRUE,Flavour,Watermelon,,,,,FORGE-PW-WM-300,300,,50,continue,manual,44.99,54.99,TRUE,TRUE,,,,,FALSE,,,,,,,,,,,,,,,,,g,,,TRUE,44.99,54.99,TRUE,44.99,54.99,,,,,,,,,,,,,,,,
ashwagandha-ksm66,Ashwagandha KSM-66® 600mg,"<p>KSM-66® is the most clinically studied ashwagandha extract in the world. Our formula delivers the full 600mg daily dose shown in research to reduce cortisol, improve stress resilience and support testosterone levels.</p><ul><li>600mg KSM-66® ashwagandha root extract</li><li>5% withanolide content</li><li>12+ clinical trials</li><li>Suitable for vegans</li></ul>",Forge,Health & Beauty > Health Care > Nutritional Food & Drinks > Vitamins & Supplements,Wellness,ashwagandha|adaptogen|stress|cortisol,TRUE,Size,60 Capsules,,,,,FORGE-ASH-60,120,,100,continue,manual,32.99,42.99,TRUE,TRUE,,https://images.unsplash.com/photo-1556228720-195a672e8a03?w=800,1,Ashwagandha KSM-66 600mg,FALSE,Ashwagandha KSM-66 600mg | Forge Supplements,KSM-66 ashwagandha 600mg the worlds most clinically studied extract for stress cortisol and performance.,,,,,,new,FALSE,,,,,,,,g,,,TRUE,32.99,42.99,TRUE,32.99,42.99,active,"KSM-66® root extract, 5% withanolides","{""type"": ""root"", ""children"": [{""type"": ""paragraph"", ""children"": [{""type"": ""text"", ""value"": ""Take 1 capsule daily with food, morning or evening.""}]}]}","{""type"": ""root"", ""children"": [{""type"": ""paragraph"", ""children"": [{""type"": ""text"", ""value"": ""Root-only, as used in the clinical literature - leaf extracts are cheaper and not equivalent.""}]}]}","[{""name"": ""KSM-66® Ashwagandha"", ""dose"": ""600mg"", ""benefit"": ""Root-only extract used in the majority of published cortisol trials."", ""icon"": ""🌿""}]","{""type"": ""root"", ""children"": [{""type"": ""paragraph"", ""children"": [{""type"": ""text"", ""value"": ""Not suitable during pregnancy or breastfeeding. Consult your doctor if you have a thyroid condition.""}]}]}","[""Vegan"", ""Gluten-free"", ""Dairy-free""]",https://example.com/coa/ashwagandha,"HPMC capsule shell, rice flour",1,1 capsule,60,2,"[{""name"": ""Ashwagandha root extract (KSM-66®)"", ""amount"": ""600mg"", ""dv"": ""†"", ""sub"": false, ""bold"": true}, {""name"": ""of which withanolides"", ""amount"": ""30mg (5%)"", ""dv"": ""†"", ""sub"": true, ""bold"": false}]","{""value"": ""4.7"", ""scale_min"": ""1.0"", ""scale_max"": ""5.0""}",1042
lions-mane-mushroom,Lion's Mane Mushroom 1000mg,"<p>Lion's Mane is the nootropic mushroom gaining serious attention in the scientific community for its potential to support cognitive function, nerve growth factor and mental clarity.</p><ul><li>1000mg Lion's Mane fruiting body extract</li><li>30% beta-glucan content</li><li>No mycelium on grain fillers</li><li>Dual extracted for maximum bioavailability</li></ul>",Forge,Health & Beauty > Health Care > Nutritional Food & Drinks > Vitamins & Supplements,Wellness,lions-mane|nootropic|cognitive|mushroom,TRUE,Size,60 Capsules,,,,,FORGE-LM-60,120,,100,continue,manual,34.99,44.99,TRUE,TRUE,,https://images.unsplash.com/photo-1535185384036-28bbc8035f28?w=800,1,Lions Mane Mushroom 1000mg,FALSE,Lions Mane Mushroom 1000mg | Forge Supplements,Lions Mane mushroom fruiting body extract 1000mg with 30% beta-glucans for cognitive support and mental clarity.,,,,,,new,FALSE,,,,,,,,g,,,TRUE,34.99,44.99,TRUE,34.99,44.99,active,"Dual-extracted fruiting body, 30% beta-glucans","{""type"": ""root"", ""children"": [{""type"": ""paragraph"", ""children"": [{""type"": ""text"", ""value"": ""Take 2 capsules daily with or without food.""}]}]}","{""type"": ""root"", ""children"": [{""type"": ""paragraph"", ""children"": [{""type"": ""text"", ""value"": ""Fruiting body only - no mycelium-on-grain filler, which dilutes beta-glucan content.""}]}]}","[{""name"": ""Lion's Mane Fruiting Body"", ""dose"": ""1000mg"", ""benefit"": ""Dual-extracted so both water- and alcohol-soluble compounds are present."", ""icon"": ""🍄""}]","{""type"": ""root"", ""children"": [{""type"": ""paragraph"", ""children"": [{""type"": ""text"", ""value"": ""Discontinue use if you experience any skin reaction. Mushroom allergy sufferers should avoid.""}]}]}","[""Vegan"", ""Gluten-free"", ""Dairy-free""]",https://example.com/coa/lions-mane,HPMC capsule shell,1,2 capsules,30,3,"[{""name"": ""Lion's Mane extract (Hericium erinaceus)"", ""amount"": ""1000mg"", ""dv"": ""†"", ""sub"": false, ""bold"": true}, {""name"": ""of which beta-glucans"", ""amount"": ""300mg (30%)"", ""dv"": ""†"", ""sub"": true, ""bold"": false}]","{""value"": ""4.6"", ""scale_min"": ""1.0"", ""scale_max"": ""5.0""}",521
zinc-copper-balance,Zinc & Copper Balance,"<p>Zinc and copper must be taken in the correct ratio to avoid depleting each other. Our formula provides the optimal 10:1 ratio to support immune function, testosterone production and skin health.</p><ul><li>25mg Zinc bisglycinate</li><li>2.5mg Copper bisglycinate</li><li>Optimal 10:1 ratio</li><li>Highly bioavailable chelated forms</li></ul>",Forge,Health & Beauty > Health Care > Nutritional Food & Drinks > Vitamins & Supplements,Vitamins,zinc|copper|immune|testosterone,TRUE,Size,120 Capsules,,,,,FORGE-ZC-120,100,,100,continue,manual,17.99,24.99,TRUE,TRUE,,https://images.unsplash.com/photo-1576086213369-97a306d36557?w=800,1,Zinc and Copper Balance,FALSE,Zinc and Copper Balance | Forge Supplements,Zinc and copper in the optimal 10:1 ratio using highly bioavailable bisglycinate chelates for immune and hormonal support.,,,,,,new,FALSE,,,,,,,,g,,,TRUE,17.99,24.99,TRUE,17.99,24.99,active,Zinc bisglycinate balanced with copper,"{""type"": ""root"", ""children"": [{""type"": ""paragraph"", ""children"": [{""type"": ""text"", ""value"": ""Take 1 capsule daily with food.""}]}]}","{""type"": ""root"", ""children"": [{""type"": ""paragraph"", ""children"": [{""type"": ""text"", ""value"": ""Balanced at the 15:1 ratio recommended when zinc is taken continuously.""}]}]}","[{""name"": ""Zinc Bisglycinate"", ""dose"": ""15mg"", ""benefit"": ""Contributes to normal immune function and cognitive function."", ""icon"": ""⚙️""}, {""name"": ""Copper Bisglycinate"", ""dose"": ""1mg"", ""benefit"": ""Included because long-term zinc supplementation depletes copper."", ""icon"": ""🟠""}]","{""type"": ""root"", ""children"": [{""type"": ""paragraph"", ""children"": [{""type"": ""text"", ""value"": ""Long-term intake above 25mg of zinc daily may interfere with copper absorption.""}]}]}","[""Vegan"", ""Gluten-free"", ""Dairy-free"", ""Soy-free""]",https://example.com/coa/zinc-copper,"HPMC capsule shell, rice flour",2,1 capsule,120,1,"[{""name"": ""Zinc (as bisglycinate)"", ""amount"": ""15mg"", ""dv"": ""150%"", ""sub"": false, ""bold"": false}, {""name"": ""Copper (as bisglycinate)"", ""amount"": ""1mg"", ""dv"": ""100%"", ""sub"": false, ""bold"": false}]","{""value"": ""4.8"", ""scale_min"": ""1.0"", ""scale_max"": ""5.0""}",389
